,Time,Time_raw,SR,WT,SL,DL,interporated GSI_Female,interporated GSI_Male
0,0.0,2015-10-01,2.07,17.866666666666700,0.0,11.866666666666700,1.796217702937320,0.5851175412777150
1,1.0,2015-10-02,18.880000000000000,20.525,8.1,11.816666666666700,1.8166377673707500,0.5828256348111140
2,2.0,2015-10-03,20.59,18.158333333333300,10.8,11.783333333333300,1.8358761390483300,0.5818472457527120
3,3.0,2015-10-04,16.93,18.516666666666700,9.2,11.733333333333300,1.8539887279422200,0.5821034274401250
4,4.0,2015-10-05,11.080000000000000,18.02083333333330,1.0,11.716666666666700,1.8710314440245700,0.5835152332109730
5,5.0,2015-10-06,16.56,19.320833333333300,7.0,11.683333333333300,1.8870601972675500,0.5860037164028760
6,6.0,2015-10-07,20.21,18.004166666666700,10.9,11.633333333333300,1.9021308976432900,0.5894899303534510
7,7.0,2015-10-08,19.990000000000000,16.1125,10.8,11.6,1.9162994551239700,0.5938949284003180
8,8.0,2015-10-09,15.72,17.100000000000000,7.4,11.566666666666700,1.9296217796817500,0.5991397638810960
9,9.0,2015-10-10,6.820000000000000,16.295833333333300,0.0,11.533333333333300,1.942153781288760,0.6051454901334030
10,10.0,2015-10-11,2.9,18.087500000000000,0.0,11.5,1.9539513699171900,0.6118331604948580
11,11.0,2015-10-12,15.800000000000000,16.72083333333330,8.1,11.466666666666700,1.965070455539170,0.6191238283030800
12,12.0,2015-10-13,15.520000000000000,16.091666666666700,8.9,11.416666666666700,1.9755669481268700,0.6269385468956890
13,13.0,2015-10-14,19.0,16.012500000000000,10.9,11.383333333333300,1.9854967576524500,0.6351983696103010
14,14.0,2015-10-15,13.570000000000000,16.395833333333300,6.7,11.366666666666700,1.9949157940880500,0.6438243497845380
15,15.0,2015-10-16,17.900000000000000,18.383333333333300,9.1,11.316666666666700,2.003879967405850,0.6527375407560170
16,16.0,2015-10-17,15.44,19.48333333333330,4.6,11.283333333333300,2.0124451875779900,0.661858995862358
17,17.0,2015-10-18,17.810000000000000,20.250000000000000,10.7,11.25,2.0206673645766300,0.6711097684411790
18,18.0,2015-10-19,17.16,19.033333333333300,9.6,11.216666666666700,2.0286024083739300,0.6804109118300990
19,19.0,2015-10-20,14.93,18.78333333333330,8.2,11.166666666666700,2.0363062289420500,0.6896834793667360
20,20.0,2015-10-21,14.9,19.3375,9.1,11.133333333333300,2.0438347362531400,0.6988485243887110
21,21.0,2015-10-22,15.500000000000000,18.858333333333300,9.4,11.116666666666700,2.051243840279360,0.7078271002336410
22,22.0,2015-10-23,14.570000000000000,19.075000000000000,7.5,11.083333333333300,2.0585894509928700,0.7165402602391450
23,23.0,2015-10-24,13.680000000000000,18.34166666666670,6.5,11.05,2.065927478365820,0.7249090577428430
24,24.0,2015-10-25,17.790000000000000,13.875,10.6,11.016666666666700,2.0733138323703700,0.7328545460823530
25,25.0,2015-10-26,17.19,12.541666666666700,9.9,10.966666666666700,2.080804422978680,0.7402977785952940
26,26.0,2015-10-27,13.1,16.237500000000000,4.4,10.933333333333300,2.0884551601629100,0.7471598086192850
27,27.0,2015-10-28,16.5,16.933333333333300,10.0,10.9,2.096321953895200,0.7533616894919450
28,28.0,2015-10-29,15.810000000000000,13.883333333333300,9.9,10.866666666666700,2.1044607141477200,0.7588244745508920
29,29.0,2015-10-30,11.330000000000000,13.841666666666700,6.1,10.833333333333300,2.1129273508926300,0.7634692171337460
30,30.0,2015-10-31,12.960000000000000,11.891666666666700,7.7,10.816666666666700,2.1217777741020800,0.7672169705781250
31,31.0,2015-11-01,11.980000000000000,11.070833333333300,5.5,10.783333333333300,2.1310678937482300,0.7699887882216480
32,32.0,2015-11-02,3.0100000000000000,12.016666666666700,0.0,10.75,2.1408536198032300,0.7717057234019340
33,33.0,2015-11-03,15.79,13.03333333333330,10.1,10.716666666666700,2.1511908622392500,0.7722888294566020
34,34.0,2015-11-04,15.190000000000000,14.366666666666700,10.1,10.683333333333300,2.1621355310284300,0.7716591597232700
35,35.0,2015-11-05,15.32,14.645833333333300,9.6,10.65,2.1737435361429400,0.7697377675395580
36,36.0,2015-11-06,14.73,15.895833333333300,10.0,10.616666666666700,2.1860707875549400,0.7664457062430850
37,37.0,2015-11-07,5.48,16.208333333333300,0.4,10.6,2.1991731952365700,0.7617040291714690
38,38.0,2015-11-08,1.29,15.595833333333300,0.0,10.566666666666700,2.2131066691600000,0.7554337896623280
39,39.0,2015-11-09,3.3100000000000000,17.225000000000000,0.0,10.533333333333300,2.2279271192973900,0.7475560410532830
40,40.0,2015-11-10,13.88,17.366666666666700,7.8,10.5,2.243690455620890,0.7379918366819520
41,41.0,2015-11-11,13.42,13.804166666666700,9.0,10.466666666666700,2.260452588102650,0.7266622298859530
42,42.0,2015-11-12,12.7,14.233333333333300,4.4,10.45,2.2782694267148400,0.7134882740029060
43,43.0,2015-11-13,5.6000000000000000,13.575000000000000,0.7,10.416666666666700,2.2971593160491700,0.6985882353666710
44,44.0,2015-11-14,2.77,15.30833333333330,0.0,10.383333333333300,2.316990339175560,0.6828692322960800
45,45.0,2015-11-15,10.210000000000000,16.275000000000000,5.3,10.366666666666700,2.337593013783500,0.6674355961062070
46,46.0,2015-11-16,8.620000000000000,15.045833333333300,4.4,10.333333333333300,2.358797857562480,0.6533916581121240
47,47.0,2015-11-17,5.86,16.958333333333300,1.8,10.3,2.380435388201970,0.6418417496289060
48,48.0,2015-11-18,2.49,17.050000000000000,0.0,10.283333333333300,2.4023417333260900,0.6336531888776140
49,49.0,2015-11-19,12.32,15.229166666666700,2.3,10.25,2.4243754602973600,0.6287452417032690
50,50.0,2015-11-20,7.590000000000000,14.579166666666700,3.4,10.233333333333300,2.446400746412960,0.6268001608568780
51,51.0,2015-11-21,13.16,13.704166666666700,8.9,10.2,2.46828176897002,0.6275001990894510
52,52.0,2015-11-22,6.0,14.129166666666700,3.4,10.183333333333300,2.4898827052657200,0.6305276091519950
53,53.0,2015-11-23,3.87,14.295833333333300,0.0,10.15,2.5110677325972000,0.6355646437955200
54,54.0,2015-11-24,10.0,14.454166666666700,6.3,10.15,2.5317010282616200,0.6422935557710340
55,55.0,2015-11-25,2.0700000000000000,9.958333333333330,0.0,10.133333333333300,2.5516467695561400,0.650396597829546
56,56.0,2015-11-26,4.97,10.816666666666700,2.1,10.1,2.570769133777910,0.6595560227220640
57,57.0,2015-11-27,11.680000000000000,7.312500000000000,7.4,10.083333333333300,2.588932298224100,0.6694540831995960
58,58.0,2015-11-28,11.22,7.491666666666670,8.2,10.066666666666700,2.6060004401918500,0.6797730320131520
59,59.0,2015-11-29,8.83,8.333333333333330,4.4,10.033333333333300,2.621837736978320,0.6901951219137400
60,60.0,2015-11-30,12.15,8.929166666666670,7.6,10.016666666666700,2.636308365880670,0.7004026056523680
61,61.0,2015-12-01,12.78,8.904166666666670,9.5,10.0,2.649276504196060,0.7100777359800450
62,62.0,2015-12-02,11.75,9.270833333333330,8.4,9.983333333333330,2.660606329221640,0.718902765647779
63,63.0,2015-12-03,4.78,11.64166666666670,0.9,9.966666666666670,2.6701620182545600,0.7265599474065800
64,64.0,2015-12-04,5.300000000000000,7.425000000000000,4.0,9.95,2.6778546685278300,0.7327996260376850
65,65.0,2015-12-05,10.5,7.945833333333330,6.7,9.95,2.6837830570177400,0.7376445144432510
66,66.0,2015-12-06,5.310000000000000,8.104166666666660,1.1,9.933333333333330,2.6880928806364600,0.7411854175556680
67,67.0,2015-12-07,12.92,8.2625,8.7,9.916666666666670,2.6909298362961300,0.7435131403073200
68,68.0,2015-12-08,12.71,7.2958333333333300,9.4,9.9,2.6924396209089000,0.7447184876305960
69,69.0,2015-12-09,12.040000000000000,7.3916666666666700,8.1,9.883333333333330,2.6927679313869200,0.7448922644578840
70,70.0,2015-12-10,4.3500000000000000,9.820833333333340,0.8,9.883333333333330,2.6920604646423500,0.7441252757215690
71,71.0,2015-12-11,6.000000000000000,16.420833333333300,2.6,9.866666666666670,2.6904629175873200,0.7425083263540400
72,72.0,2015-12-12,8.17,11.333333333333300,2.5,9.85,2.6881209871340000,0.7401322212876850
73,73.0,2015-12-13,8.140000000000000,12.779166666666700,3.9,9.85,2.6851803701945300,0.7370877654548890
74,74.0,2015-12-14,4.2,12.125,0.1,9.85,2.681786763681060,0.7334657637880400
75,75.0,2015-12-15,6.64,13.8625,2.6,9.833333333333330,2.678085864505740,0.7293570212195270
76,76.0,2015-12-16,3.84,12.787500000000000,1.4,9.816666666666670,2.674223369580720,0.7248523426817350
77,77.0,2015-12-17,11.34,7.0666666666666700,4.4,9.833333333333330,2.670344975818150,0.7200425331070520
78,78.0,2015-12-18,12.380000000000000,5.600000000000000,9.3,9.816666666666670,2.666596380130180,0.7150183974278660
79,79.0,2015-12-19,12.390000000000000,5.85,9.1,9.816666666666670,2.6631232794289500,0.709870740576564
80,80.0,2015-12-20,11.200000000000000,5.645833333333330,6.0,9.816666666666670,2.660071370626630,0.7046903674855330
81,81.0,2015-12-21,2.1300000000000000,7.800000000000000,0.0,9.8,2.6575863506353600,0.6995680830871600
82,82.0,2015-12-22,11.03,8.158333333333330,9.3,9.816666666666670,2.655813916367280,0.6945946923138330
83,83.0,2015-12-23,1.6800000000000000,8.0,0.0,9.8,2.654899764734560,0.6898610000979380
84,84.0,2015-12-24,11.46,10.870833333333300,7.9,9.816666666666670,2.654989592649330,0.6854578113718640
85,85.0,2015-12-25,8.820000000000000,10.079166666666700,5.4,9.816666666666670,2.6562290970237400,0.6814759310679980
86,86.0,2015-12-26,11.41,8.3375,7.2,9.816666666666670,2.6587639747699600,0.6780061641187260
87,87.0,2015-12-27,9.24,8.041666666666670,4.9,9.833333333333330,2.6626717746850800,0.6751313747074880
88,88.0,2015-12-28,10.900000000000000,5.508333333333330,7.0,9.816666666666670,2.667757453106070,0.6729026640219320
89,89.0,2015-12-29,10.400000000000000,6.241666666666670,8.9,9.833333333333330,2.673757818254850,0.671363192500757
90,90.0,2015-12-30,11.72,5.7125,9.4,9.85,2.6804096783533200,0.6705561205826640
91,91.0,2015-12-31,11.48,6.583333333333330,6.4,9.833333333333330,2.6874498416234200,0.670524608706351
92,92.0,2016-01-01,12.59,6.795833333333330,9.4,9.85,2.694615116287060,0.6713118173105190
93,93.0,2016-01-02,10.73,6.708333333333340,7.5,9.866666666666670,2.701642310566150,0.6729609068338680
94,94.0,2016-01-03,10.510000000000000,8.383333333333330,6.2,9.883333333333330,2.708268232682630,0.6755150377150970
95,95.0,2016-01-04,10.3,9.583333333333330,8.4,9.883333333333330,2.714229690858390,0.6790173703929050
96,96.0,2016-01-05,7.530000000000000,9.416666666666660,5.7,9.883333333333330,2.719263493315370,0.6835110653059940
97,97.0,2016-01-06,7.000000000000000,9.225000000000000,1.5,9.9,2.7231064482754900,0.6890392828930610
98,98.0,2016-01-07,9.24,8.354166666666670,7.2,9.916666666666670,2.7254953639606500,0.6956451835928080
99,99.0,2016-01-08,9.370000000000000,6.429166666666670,5.4,9.933333333333330,2.726237594255480,0.7033315430473540
100,100.0,2016-01-09,12.9,5.908333333333330,9.4,9.95,2.725422675695330,0.711939597712495
101,101.0,2016-01-10,10.15,5.475,9.1,9.966666666666670,2.7232106904782700,0.7212701992474510
102,102.0,2016-01-11,10.310000000000000,6.087500000000000,6.3,9.966666666666670,2.7197617208023500,0.7311241993114370
103,103.0,2016-01-12,7.35,6.229166666666670,1.3,10.0,2.7152358488656400,0.741302449563672
104,104.0,2016-01-13,10.380000000000000,5.008333333333330,8.3,10.016666666666700,2.7097931568662000,0.7516058016633730
105,105.0,2016-01-14,10.97,5.112500000000000,8.2,10.033333333333300,2.7035937270020800,0.7618351072697570
106,106.0,2016-01-15,11.71,4.687500000000000,8.2,10.05,2.69679764147135,0.7717912180420430
107,107.0,2016-01-16,13.370000000000000,4.2333333333333300,9.6,10.066666666666700,2.6895649824720600,0.7812749856394470
108,108.0,2016-01-17,8.150000000000000,4.575,5.3,10.1,2.682055832202270,0.7900872617211860
109,109.0,2016-01-18,4.09,7.408333333333330,0.9,10.116666666666700,2.674430272860040,0.7980288979464790
110,110.0,2016-01-19,14.22,4.558333333333330,8.5,10.133333333333300,2.6668483866434300,0.8049007459745420
111,111.0,2016-01-20,10.35,2.2708333333333300,1.5,10.166666666666700,2.659470255750500,0.810503657464593
112,112.0,2016-01-21,10.52,3.7541666666666700,7.0,10.183333333333300,2.6524559623793100,0.8146384840758500
113,113.0,2016-01-22,13.810000000000000,4.7958333333333300,8.7,10.2,2.6459655887279200,0.8171060774675290
114,114.0,2016-01-23,2.46,2.766666666666670,0.0,10.233333333333300,2.640159216994390,0.8177072892988490
115,115.0,2016-01-24,14.440000000000000,1.5000000000000000,9.3,10.25,2.6351969293767700,0.8162429712290270
116,116.0,2016-01-25,13.28,1.1583333333333300,8.4,10.283333333333300,2.6312388080731300,0.8125139749172800
117,117.0,2016-01-26,14.430000000000000,3.2916666666666700,9.4,10.3,2.62844493528152,0.8063211520228260
118,118.0,2016-01-27,10.240000000000000,4.845833333333330,5.9,10.333333333333300,2.6269807053081500,0.7975807373739720
119,119.0,2016-01-28,12.470000000000000,6.895833333333330,7.9,10.366666666666700,2.627032760891820,0.7866704984753870
120,120.0,2016-01-29,1.2400000000000000,7.891666666666670,0.0,10.383333333333300,2.6287930568794600,0.7740835860008310
121,121.0,2016-01-30,7.1,8.7,0.8,10.416666666666700,2.6324535481180100,0.7603131506240630
122,122.0,2016-01-31,14.59,7.725,9.5,10.45,2.638206189454420,0.7458523430188420
123,123.0,2016-02-01,3.2400000000000000,6.716666666666670,0.0,10.466666666666700,2.6462429357356200,0.7311943138589270
124,124.0,2016-02-02,13.210000000000000,6.375000000000000,9.0,10.5,2.65675574180855,0.7168322138180770
125,125.0,2016-02-03,15.980000000000000,4.3708333333333300,10.2,10.533333333333300,2.6699365625201500,0.7032591935700530
126,126.0,2016-02-04,14.700000000000000,4.758333333333330,9.5,10.566666666666700,2.6859773527173700,0.6909684037886120
127,127.0,2016-02-05,13.990000000000000,6.25,8.6,10.583333333333300,2.7050700672471400,0.6804529951475140
128,128.0,2016-02-06,9.03,5.320833333333330,1.3,10.616666666666700,2.7274066609564000,0.672206118320519
129,129.0,2016-02-07,16.890000000000000,4.112500000000000,10.2,10.65,2.7531790886920900,0.6667209239813860
130,130.0,2016-02-08,16.630000000000000,3.9541666666666700,10.0,10.683333333333300,2.782579305301150,0.6644905628038730
131,131.0,2016-02-09,6.74,4.416666666666670,4.6,10.716666666666700,2.8157992656305300,0.6660081854617410
132,132.0,2016-02-10,16.420000000000000,3.895833333333330,9.9,10.75,2.8530309245271500,0.671766942628748
133,133.0,2016-02-11,16.84,5.325000000000000,10.3,10.783333333333300,2.894380700718130,0.682078079335747
134,134.0,2016-02-12,3.3900000000000000,7.033333333333330,0.1,10.816666666666700,2.939612868451200,0.696525218041964
135,135.0,2016-02-13,3.14,10.5125,0.0,10.85,2.988406165854290,0.7145100755637180
136,136.0,2016-02-14,9.69,15.870833333333300,1.3,10.883333333333300,3.040439331055290,0.7354343687173280
137,137.0,2016-02-15,12.73,7.916666666666670,5.7,10.916666666666700,3.0953911021821200,0.7586998143191150
138,138.0,2016-02-16,8.970000000000000,4.5458333333333300,6.9,10.95,3.152940217362690,0.7837081291853950
139,139.0,2016-02-17,15.350000000000000,4.320833333333330,7.4,10.983333333333300,3.2127654147249,0.8098610301324900
140,140.0,2016-02-18,17.800000000000000,4.9833333333333300,8.7,11.016666666666700,3.2745454323966700,0.8365602339767190
141,141.0,2016-02-19,16.23,7.458333333333330,9.7,11.05,3.337959008505900,0.8632074575344000
142,142.0,2016-02-20,1.6800000000000000,7.3375000000000000,0.0,11.083333333333300,3.402684881180510,0.8892044176218520
143,143.0,2016-02-21,15.310000000000000,8.454166666666670,9.0,11.116666666666700,3.4684017885483900,0.9139528310553960
144,144.0,2016-02-22,10.67,7.041666666666670,1.4,11.15,3.5347884687374800,0.9368544146513500
145,145.0,2016-02-23,15.360000000000000,9.316666666666670,5.7,11.2,3.6015236598756600,0.9573108852260340
146,146.0,2016-02-24,18.560000000000000,6.220833333333330,10.3,11.233333333333300,3.668302660691850,0.9748646542371960
147,147.0,2016-02-25,19.65,4.716666666666670,10.7,11.266666666666700,3.7348870123189500,0.9896209117083030
148,148.0,2016-02-26,15.620000000000000,4.712500000000000,8.3,11.283333333333300,3.801054816490850,1.0018255423042500
149,149.0,2016-02-27,15.660000000000000,6.795833333333330,8.3,11.333333333333300,3.8665841749414600,1.0117244306899400
150,150.0,2016-02-28,17.680000000000000,9.6875,9.9,11.366666666666700,3.931253189404670,1.0195634615302500
151,151.0,2016-02-29,4.900000000000000,8.3625,3.3,11.4,3.9948399616143700,1.025588519490100
152,152.0,2016-03-01,19.53,3.1666666666666700,10.3,11.433333333333300,4.0571225933044800,1.0300454892343800
153,153.0,2016-03-02,16.5,4.7625,8.3,11.483333333333300,4.117879186208870,1.0331802554279700
154,154.0,2016-03-03,18.92,7.158333333333330,10.7,11.516666666666700,4.176887842061450,1.0352387027357800
155,155.0,2016-03-04,19.010000000000000,10.804166666666700,10.6,11.55,4.2339266625961300,1.0364667158227100
156,156.0,2016-03-05,10.61,13.191666666666700,5.3,11.583333333333300,4.288773749546790,1.0371101793536500
157,157.0,2016-03-06,8.59,15.20833333333330,3.4,11.616666666666700,4.341207204647330,1.0374149779934900
158,158.0,2016-03-07,4.9800000000000000,15.375000000000000,0.0,11.65,4.391005129631650,1.0376269964071400
159,159.0,2016-03-08,17.15,15.991666666666700,7.3,11.683333333333300,4.4379456262336500,1.0379921192594800
160,160.0,2016-03-09,2.1200000000000000,11.266666666666700,0.0,11.733333333333300,4.481876622350550,1.0387108917265300
161,161.0,2016-03-10,10.570000000000000,9.400000000000000,3.4,11.766666666666700,4.522925350532850,1.039802501028750
162,162.0,2016-03-11,21.59,9.4125,7.1,11.8,4.5612888694943900,1.0412407948977100
163,163.0,2016-03-12,22.65,8.154166666666670,11.4,11.85,4.597164237948990,1.0429996210649800
164,164.0,2016-03-13,12.890000000000000,8.241666666666670,3.8,11.866666666666700,4.630748514610480,1.0450528272621400
165,165.0,2016-03-14,2.58,7.237500000000000,0.0,11.916666666666700,4.662238758192690,1.0473742612207500
166,166.0,2016-03-15,22.67,8.229166666666670,11.5,11.95,4.691832027409450,1.0499377706724000
167,167.0,2016-03-16,12.040000000000000,7.875000000000000,1.9,11.983333333333300,4.719725380974580,1.0527172033486500
168,168.0,2016-03-17,22.870000000000000,12.2875,11.5,12.033333333333300,4.746115877601930,1.055686406981080
169,169.0,2016-03-18,14.080000000000000,14.141666666666700,7.0,12.05,4.771200576005310,1.0588192293012600
170,170.0,2016-03-19,15.0,15.666666666666700,4.5,12.1,4.795176534898550,1.0620895180407600
171,171.0,2016-03-20,22.660000000000000,10.658333333333300,11.3,12.133333333333300,4.818240812995490,1.065471120931160
172,172.0,2016-03-21,23.9,8.954166666666670,10.3,12.166666666666700,4.840590469009950,1.0689378857040300
173,173.0,2016-03-22,23.740000000000000,10.145833333333300,10.8,12.216666666666700,4.862422561655760,1.0724636600909400
174,174.0,2016-03-23,18.89,12.216666666666700,7.2,12.233333333333300,4.883934149646760,1.0760222918234600
175,175.0,2016-03-24,22.68,9.391666666666670,10.3,12.283333333333300,4.905322291696760,1.079587628633170
176,176.0,2016-03-25,23.34,7.104166666666670,11.5,12.316666666666700,4.926971638232320,1.0831322653672400
177,177.0,2016-03-26,24.370000000000000,9.004166666666670,10.1,12.35,4.9500172065308500,1.0866237853352700
178,178.0,2016-03-27,20.800000000000000,10.820833333333300,9.1,12.4,4.975781605582480,1.090028518962440
179,179.0,2016-03-28,20.860000000000000,12.800000000000000,7.5,12.416666666666700,5.005587444377360,1.0933127966739500
180,180.0,2016-03-29,20.57,12.891666666666700,8.3,12.466666666666700,5.040757331905610,1.0964429488949900
181,181.0,2016-03-30,17.46,14.325000000000000,5.8,12.5,5.082613877157360,1.099385306050760
182,182.0,2016-03-31,19.540000000000000,14.800000000000000,9.0,12.533333333333300,5.1324796891227600,1.1021061985664400
183,183.0,2016-04-01,3.68,13.629166666666700,0.0,12.583333333333300,5.191677376791940,1.1045719568672400
184,184.0,2016-04-02,17.350000000000000,15.8625,1.1,12.6,5.261529549155020,1.1067489113783300
185,185.0,2016-04-03,8.490000000000000,16.837500000000000,1.0,12.633333333333300,5.343358815202140,1.1086033925249300
186,186.0,2016-04-04,9.17,17.329166666666700,1.6,12.683333333333300,5.43848778392344,1.1101017307322100
187,187.0,2016-04-05,16.290000000000000,14.683333333333300,4.9,12.716666666666700,5.54823906430905,1.1112102564253800
188,188.0,2016-04-06,20.240000000000000,15.091666666666700,10.0,12.766666666666700,5.673935265349110,1.111895300029630
189,189.0,2016-04-07,1.89,13.275,0.0,12.783333333333300,5.8168989960337400,1.1121231919701400
190,190.0,2016-04-08,12.670000000000000,14.812500000000000,3.2,12.816666666666700,5.97845286535308,1.111860262672110
191,191.0,2016-04-09,22.08,15.933333333333300,8.0,12.866666666666700,6.159919482297270,1.1110728425607400
192,192.0,2016-04-10,12.180000000000000,16.050000000000000,0.9,12.9,6.362621455856440,1.1097272620612200
193,193.0,2016-04-11,25.440000000000000,12.7125,10.3,12.933333333333300,6.587881395020720,1.1077898515987300
194,194.0,2016-04-12,20.900000000000000,11.833333333333300,8.2,12.966666666666700,6.837021908780250,1.105226941598480
195,195.0,2016-04-13,3.8800000000000000,15.316666666666700,0.6,13.0,7.111365606125160,1.1020048624856600
196,196.0,2016-04-14,20.15,17.370833333333300,6.5,13.033333333333300,7.410900222340370,1.0981027347988800
197,197.0,2016-04-15,26.830000000000000,14.758333333333300,12.0,13.083333333333300,7.730273997889980,1.0935508395304600
198,198.0,2016-04-16,24.350000000000000,15.6,11.9,13.116666666666700,8.062800299532880,1.0883922477861400
199,199.0,2016-04-17,15.040000000000000,18.708333333333300,4.8,13.133333333333300,8.401792494027930,1.082670030671650
200,200.0,2016-04-18,9.68,15.212500000000000,4.1,13.166666666666700,8.740563948134040,1.0764272592927500
201,201.0,2016-04-19,25.270000000000000,13.575000000000000,12.3,13.216666666666700,9.072428028610080,1.0697070047551500
202,202.0,2016-04-20,23.920000000000000,15.341666666666700,9.2,13.25,9.39069810221493,1.062552338164620
203,203.0,2016-04-21,4.2300000000000000,15.437500000000000,0.3,13.283333333333300,9.688687535707480,1.0550063306268700
204,204.0,2016-04-22,25.890000000000000,18.1375,10.5,13.3,9.959709695846620,1.0471120532476700
205,205.0,2016-04-23,16.830000000000000,20.15416666666670,6.7,13.333333333333300,10.197077949391200,1.0389125771327300
206,206.0,2016-04-24,19.0,19.73333333333330,6.0,13.383333333333300,10.39410566310020,1.0304509733878100
207,207.0,2016-04-25,20.32,19.95,8.1,13.416666666666700,10.544106203732300,1.0217703131186400
208,208.0,2016-04-26,26.23,21.137500000000000,11.3,13.45,10.640392938046600,1.012913667430960
209,209.0,2016-04-27,5.6,18.470833333333300,0.0,13.466666666666700,10.676279232801900,1.0039241074305100
210,210.0,2016-04-28,3.78,16.22083333333330,0.1,13.5,10.647625725860500,0.9948600316253310
211,211.0,2016-04-29,28.510000000000000,13.020833333333300,12.2,13.533333333333300,10.560482139498200,0.9858411481326670
212,212.0,2016-04-30,26.620000000000000,14.804166666666700,12.6,13.566666666666700,10.423445467094300,0.9770024924720620
213,213.0,2016-05-01,22.890000000000000,17.3375,9.2,13.6,10.245112702028000,0.9684791001630610
214,214.0,2016-05-02,25.800000000000000,20.441666666666700,11.2,13.633333333333300,10.034080837678600,0.9604060067252080
215,215.0,2016-05-03,14.31,19.65416666666670,3.2,13.65,9.798946867425340,0.9529182476780490
216,216.0,2016-05-04,28.290000000000000,20.65,11.1,13.683333333333300,9.548307784647460,0.9461508585411290
217,217.0,2016-05-05,27.700000000000000,18.100000000000000,12.0,13.716666666666700,9.290760582724210,0.9402388748339900
218,218.0,2016-05-06,5.490000000000000,15.491666666666700,0.0,13.75,9.034902255034840,0.9353173320761800
219,219.0,2016-05-07,17.030000000000000,17.28333333333330,2.5,13.783333333333300,8.78932979495861,0.9315212657872430
220,220.0,2016-05-08,26.850000000000000,19.45416666666670,11.6,13.8,8.562640195874760,0.9289857114867220
221,221.0,2016-05-09,6.070000000000000,17.591666666666700,0.0,13.833333333333300,8.363430451162540,0.9278457046941630
222,222.0,2016-05-10,6.260000000000000,18.583333333333300,0.1,13.866666666666700,8.20029755420121,0.9282362809291110
223,223.0,2016-05-11,6.3,18.929166666666700,0.0,13.9,8.081838498370010,0.9302924757111090
224,224.0,2016-05-12,30.04,20.158333333333300,13.3,13.933333333333300,8.016650277048190,0.9341493245597050
225,225.0,2016-05-13,28.55,22.59166666666670,10.0,13.95,8.013329883615010,0.9399418629944410
226,226.0,2016-05-14,25.850000000000000,23.0,12.4,13.966666666666700,8.077252784814520,0.9477120552667390
227,227.0,2016-05-15,19.000000000000000,22.445833333333300,12.0,14.0,8.200908340850010,0.9571295805555270
228,228.0,2016-05-16,4.47,19.295833333333300,1.9,14.033333333333300,8.373564385289560,0.9677710467716070
229,229.0,2016-05-17,21.560000000000000,18.725000000000000,4.1,14.05,8.584488751701270,0.9792130618257830
230,230.0,2016-05-18,30.08,22.0375,11.8,14.066666666666700,8.822949273653230,0.9910322336288600
231,231.0,2016-05-19,26.070000000000000,22.058333333333300,12.1,14.1,9.078213784713540,1.0028051700916400
232,232.0,2016-05-20,17.030000000000000,22.004166666666700,6.5,14.133333333333300,9.339550118450280,1.0141084791249300
233,233.0,2016-05-21,28.510000000000000,22.40416666666670,12.8,14.133333333333300,9.596226108431540,1.0245187686395300
234,234.0,2016-05-22,28.280000000000000,23.7625,13.2,14.166666666666700,9.83750958822543,1.033612646546240
235,235.0,2016-05-23,28.210000000000000,24.30833333333330,11.7,14.183333333333300,10.052668391400000,1.0409667207558700
236,236.0,2016-05-24,25.450000000000000,23.929166666666700,9.6,14.216666666666700,10.230970351523400,1.0461575991792200
237,237.0,2016-05-25,9.76,22.458333333333300,0.0,14.216666666666700,10.36168330216370,1.0487618897271000
238,238.0,2016-05-26,12.100000000000000,24.366666666666700,1.7,14.25,10.436465829968300,1.0484573396592000
239,239.0,2016-05-27,20.950000000000000,23.187500000000000,2.1,14.266666666666700,10.45653953390210,1.0453262536308400
240,240.0,2016-05-28,8.62,22.06666666666670,0.0,14.283333333333300,10.425516766009100,1.039552075646220
241,241.0,2016-05-29,18.580000000000000,22.354166666666700,6.7,14.3,10.347009878333400,1.031318249709550
242,242.0,2016-05-30,7.9800000000000000,19.34583333333330,0.0,14.333333333333300,10.224631222919300,1.0208082198250200
243,243.0,2016-05-31,25.860000000000000,24.537500000000000,10.2,14.333333333333300,10.061993151810800,1.0082054299968500
244,244.0,2016-06-01,24.930000000000000,20.12083333333330,10.2,14.35,9.862708017052080,0.9936933242292410
245,245.0,2016-06-02,31.110000000000000,18.96666666666670,13.7,14.383333333333300,9.630388170687260,0.9774553465263970
246,246.0,2016-06-03,29.120000000000000,20.72916666666670,12.2,14.383333333333300,9.368645964760480,0.9596749408925230
247,247.0,2016-06-04,14.050000000000000,21.59583333333330,4.0,14.4,9.08109375131586,0.9405355513318270
248,248.0,2016-06-05,15.230000000000000,20.65,1.8,14.4,8.771343882397540,0.9202206218485130
249,249.0,2016-06-06,22.590000000000000,23.04583333333330,10.7,14.433333333333300,8.44300871004964,0.8989135964467850
250,250.0,2016-06-07,8.950000000000000,21.050000000000000,0.0,14.433333333333300,8.099700586316300,0.8767979191308500
251,251.0,2016-06-08,25.72,24.170833333333300,11.3,14.45,7.745031863241640,0.8540570339049130
252,252.0,2016-06-09,9.51,22.979166666666700,1.1,14.45,7.3826148928698100,0.830874384773179
253,253.0,2016-06-10,29.440000000000000,25.241666666666700,11.6,14.466666666666700,7.016359372809590,0.8074595221960150
254,254.0,2016-06-11,23.340000000000000,24.816666666666700,9.9,14.466666666666700,6.651364382928470,0.7841264224584370
255,255.0,2016-06-12,9.570000000000000,23.858333333333300,0.1,14.483333333333300,6.293026348658590,0.761215168301622
256,256.0,2016-06-13,7.570000000000000,21.766666666666700,0.0,14.483333333333300,5.946741695432100,0.7390658424667470
257,257.0,2016-06-14,20.63,24.6875,7.9,14.483333333333300,5.617906848681130,0.718018527694989
258,258.0,2016-06-15,18.080000000000000,24.937500000000000,7.5,14.5,5.311918233837850,0.6984133067275260
259,259.0,2016-06-16,5.520000000000000,21.737500000000000,0.0,14.5,5.034172276334390,0.6805902623055340
260,260.0,2016-06-17,19.19,22.987500000000000,3.1,14.5,4.790065401602900,0.664889477170192
261,261.0,2016-06-18,29.640000000000000,25.787500000000000,12.9,14.516666666666700,4.584994035075520,0.6516510340626760
262,262.0,2016-06-19,7.25,23.195833333333300,0.1,14.516666666666700,4.424354602184400,0.6412150157241630
263,263.0,2016-06-20,19.72,24.820833333333300,5.5,14.5,4.313543528361690,0.6339215048958310
264,264.0,2016-06-21,18.52,25.09166666666670,5.6,14.5,4.257957239039530,0.6301105843188580
265,265.0,2016-06-22,10.020000000000000,24.916666666666700,0.2,14.516666666666700,4.2629921596500700,0.6301223367344190
266,266.0,2016-06-23,21.360000000000000,24.65,5.2,14.516666666666700,4.334044715625450,0.6342968448836920
267,267.0,2016-06-24,8.120000000000000,22.616666666666700,0.1,14.5,4.476511332397820,0.6429741915078560
268,268.0,2016-06-25,5.14,23.183333333333300,0.3,14.5,4.693083485517080,0.6563232101265850
269,269.0,2016-06-26,22.66,22.7375,9.3,14.5,4.975632851004100,0.6738277373735560
270,270.0,2016-06-27,23.640000000000000,24.470833333333300,8.5,14.5,5.313326154997530,0.6948003606609430
271,271.0,2016-06-28,8.300000000000000,20.729166666666700,0.0,14.483333333333300,5.695330123636000,0.7185536674009190
272,272.0,2016-06-29,4.2700000000000000,22.250000000000000,0.0,14.483333333333300,6.110811483058160,0.7444002450056590
273,273.0,2016-06-30,13.510000000000000,24.941666666666700,1.4,14.466666666666700,6.548936959402620,0.7716526808873360
274,274.0,2016-07-01,26.910000000000000,28.225000000000000,11.7,14.466666666666700,6.998873278808050,0.7996235624581270
275,275.0,2016-07-02,24.300000000000000,29.408333333333300,11.6,14.466666666666700,7.449787167413050,0.8276254771302030
276,276.0,2016-07-03,14.91,27.779166666666700,4.0,14.45,7.890845351356290,0.8549710123157410
277,277.0,2016-07-04,19.800000000000000,27.675000000000000,9.1,14.45,8.311214556776380,0.8809727554269140
278,278.0,2016-07-05,23.98,27.65833333333330,12.2,14.433333333333300,8.700061509811970,0.9049432938758960
279,279.0,2016-07-06,13.880000000000000,26.825,5.6,14.433333333333300,9.046552936601700,0.926195215074861
280,280.0,2016-07-07,28.3,28.59583333333330,12.3,14.4,9.33985556328419,0.9440411064359840
281,281.0,2016-07-08,8.26,26.695833333333300,0.0,14.383333333333300,9.56913611599809,0.9577935553714400
282,282.0,2016-07-09,4.330000000000000,22.762500000000000,0.0,14.383333333333300,9.726442994977760,0.9669655626223070
283,283.0,2016-07-10,24.640000000000000,26.841666666666700,7.7,14.366666666666700,9.815351296840450,0.9718717822452910
284,284.0,2016-07-11,29.54,27.975000000000000,12.2,14.35,9.84231779229914,0.9730272816260030
285,285.0,2016-07-12,10.820000000000000,26.450000000000000,0.0,14.333333333333300,9.813799252066820,0.9709471281500520
286,286.0,2016-07-13,8.81,27.575,0.5,14.316666666666700,9.736252446856480,0.9661463892030500
287,287.0,2016-07-14,25.33,27.541666666666700,8.8,14.3,9.616134147381080,0.9591401321706060
288,288.0,2016-07-15,17.48,24.729166666666700,5.4,14.283333333333300,9.459901124353610,0.9504434244383320
289,289.0,2016-07-16,11.11,25.275000000000000,4.0,14.266666666666700,9.274010148487060,0.9405713333918380
290,290.0,2016-07-17,11.170000000000000,26.525000000000000,0.4,14.25,9.064917990494410,0.9300389264167340
291,291.0,2016-07-18,28.52,27.3625,13.2,14.216666666666700,8.839081421088640,0.9193612708986310
292,292.0,2016-07-19,28.680000000000000,28.066666666666700,13.0,14.216666666666700,8.602957210982720,0.9090534342231390
293,293.0,2016-07-20,27.85,28.29166666666670,12.6,14.183333333333300,8.36300213088965,0.8996304837758690
294,294.0,2016-07-21,20.57,27.816666666666700,9.8,14.15,8.1256729515224,0.8916074869424320
295,295.0,2016-07-22,14.35,25.904166666666700,4.2,14.15,7.896533255787270,0.8853938759857780
296,296.0,2016-07-23,12.92,24.75416666666670,1.0,14.116666666666700,7.677573875363800,0.8809765426782180
297,297.0,2016-07-24,15.720000000000000,25.541666666666700,4.0,14.083333333333300,7.469892454124830,0.8782367436694060
298,298.0,2016-07-25,20.66,26.179166666666700,6.7,14.066666666666700,7.274586635943220,0.8770557356089910
299,299.0,2016-07-26,1.9700000000000000,22.616666666666700,0.0,14.05,7.092754064691810,0.8773147751466280
300,300.0,2016-07-27,11.0,24.620833333333300,2.4,14.016666666666700,6.92549238424347,0.8788951189319660
301,301.0,2016-07-28,14.85,27.075,6.5,13.983333333333300,6.773899238471040,0.8816780236146580
302,302.0,2016-07-29,18.480000000000000,26.4625,6.1,13.983333333333300,6.639072271247360,0.8855447458443570
303,303.0,2016-07-30,19.680000000000000,27.40416666666670,10.5,13.95,6.522109126445290,0.8903765422707120
304,304.0,2016-07-31,25.22,28.700000000000000,10.3,13.916666666666700,6.42410744793769,0.8960546695433780
305,305.0,2016-08-01,21.990000000000000,28.4875,8.3,13.883333333333300,6.346164879597400,0.9024603843120060
306,306.0,2016-08-02,19.24,27.54583333333330,7.4,13.866666666666700,6.289379065297260,0.9094749432262460
307,307.0,2016-08-03,20.5,27.958333333333300,10.3,13.833333333333300,6.254847648910140,0.9169796029357520
308,308.0,2016-08-04,22.060000000000000,28.525000000000000,10.7,13.8,6.243668274308890,0.9248556200901740
309,309.0,2016-08-05,23.590000000000000,28.995833333333300,11.3,13.766666666666700,6.256938585366340,0.9329842513391660
310,310.0,2016-08-06,23.530000000000000,29.6125,9.7,13.75,6.29575622595536,0.9412467533323780
311,311.0,2016-08-07,21.140000000000000,29.562500000000000,8.2,13.716666666666700,6.361218839948800,0.9495243827194630
312,312.0,2016-08-08,26.4,28.64166666666670,12.8,13.683333333333300,6.454424071219490,0.9576983961500730
313,313.0,2016-08-09,24.530000000000000,27.008333333333300,12.4,13.65,6.57646956364031,0.9656500502738590
314,314.0,2016-08-10,25.18,26.758333333333300,11.5,13.616666666666700,6.7284529610840900,0.973260601740472
315,315.0,2016-08-11,23.630000000000000,27.166666666666700,11.3,13.6,6.9101137238583700,0.9804099982208780
316,316.0,2016-08-12,17.97,27.6875,8.2,13.566666666666700,7.115758578009440,0.9869729514712940
317,317.0,2016-08-13,17.610000000000000,27.666666666666700,4.2,13.533333333333300,7.338336066018260,0.9928228642692470
318,318.0,2016-08-14,14.83,27.0375,4.2,13.5,7.5707947303657900,0.9978331393922680
319,319.0,2016-08-15,14.38,27.52916666666670,3.5,13.483333333333300,7.806083113533010,1.0018771796178800
320,320.0,2016-08-16,24.820000000000000,29.01666666666670,9.5,13.45,8.037149758000870,1.0048283877236200
321,321.0,2016-08-17,18.57,29.6,10.0,13.4,8.25694320625036,1.0065601664870200
322,322.0,2016-08-18,18.08,28.9,4.9,13.366666666666700,8.45841200076243,1.0069459186856000
323,323.0,2016-08-19,22.690000000000000,29.166666666666700,9.8,13.35,8.634504684018050,1.0058590470968800
324,324.0,2016-08-20,22.62,29.2125,4.6,13.316666666666700,8.778169798498190,1.0031729544984100
325,325.0,2016-08-21,22.93,28.766666666666700,10.1,13.283333333333300,8.88235588668382,0.9987610436677120
326,326.0,2016-08-22,17.88,28.120833333333300,3.2,13.233333333333300,8.940011491055900,0.9924967173823080
327,327.0,2016-08-23,22.19,28.8,9.3,13.216666666666700,8.944085154095400,0.9842533784197320
328,328.0,2016-08-24,9.870000000000000,27.875,6.0,13.183333333333300,8.887525418283280,0.9739044295575130
329,329.0,2016-08-25,11.2,27.412500000000000,7.8,13.133333333333300,8.763280826100510,0.9613232735731780
330,330.0,2016-08-26,19.950000000000000,28.250000000000000,11.5,13.116666666666700,8.564299920028070,0.9463833132442580
331,331.0,2016-08-27,10.79,26.883333333333300,3.4,13.083333333333300,8.286570309717770,0.9290188957125170
332,332.0,2016-08-28,9.390000000000000,25.97916666666670,0.9,13.05,7.938235873504850,0.909408145576665
333,333.0,2016-08-29,18.100000000000000,26.79583333333330,5.6,13.0,7.530479556895430,0.8877901317996470
334,334.0,2016-08-30,20.820000000000000,23.09166666666670,6.5,12.983333333333300,7.074484305395600,0.8644039233444100
335,335.0,2016-08-31,24.87,24.429166666666700,11.0,12.933333333333300,6.581433064511470,0.8394885891738980
336,336.0,2016-09-01,22.500000000000000,26.18333333333330,9.9,12.9,6.062508779749140,0.8132831982510580
337,337.0,2016-09-02,23.61,26.550000000000000,11.1,12.866666666666700,5.528894396614720,0.7860268195388350
338,338.0,2016-09-03,18.11,27.72083333333330,7.0,12.833333333333300,4.99177286061429,0.7579585220001750
339,339.0,2016-09-04,18.090000000000000,27.179166666666700,7.1,12.8,4.462327117253980,0.7293173745980230
340,340.0,2016-09-05,10.13,25.533333333333300,0.9,12.766666666666700,3.951740112039870,0.7003424462953260
341,341.0,2016-09-06,13.340000000000000,26.587500000000000,2.9,12.716666666666700,3.4711947904780700,0.6712728060550290
342,342.0,2016-09-07,19.92,28.2375,7.5,12.7,3.031874098074700,0.6423475228400770
343,343.0,2016-09-08,9.51,25.204166666666700,2.2,12.65,2.642623463343890,0.6137883075777420
344,344.0,2016-09-09,21.81,24.00416666666670,11.1,12.616666666666700,2.302938246832040,0.585747439052596
345,345.0,2016-09-10,23.820000000000000,25.266666666666700,10.8,12.6,2.0099762920935800,0.5583598380135370
346,346.0,2016-09-11,14.66,25.929166666666700,1.6,12.55,1.7608954426829500,0.5317604252094610
347,347.0,2016-09-12,10.020000000000000,26.4875,1.6,12.516666666666700,1.552853542154570,0.506084121389268
348,348.0,2016-09-13,5.78,25.04583333333330,0.0,12.466666666666700,1.3830084340629000,0.48146584730185400
349,349.0,2016-09-14,12.25,26.28333333333330,1.4,12.45,1.2485179619623600,0.4580405236961180
350,350.0,2016-09-15,11.22,25.141666666666700,1.6,12.4,1.1465399694073900,0.4359430713209560
351,351.0,2016-09-16,8.06,25.291666666666700,2.4,12.366666666666700,1.0742322999524200,0.41530841092526600
352,352.0,2016-09-17,9.670000000000000,26.10416666666670,3.6,12.333333333333300,1.0287527971519000,0.39627146325794700
353,353.0,2016-09-18,4.09,25.129166666666700,0.0,12.3,1.007259304560250,0.378967149067895
354,354.0,2016-09-19,10.620000000000000,25.683333333333300,2.8,12.266666666666700,1.0069096657319200,0.3635303891040090
355,355.0,2016-09-20,2.05,22.991666666666700,0.5,12.216666666666700,1.0248617242213400,0.3500961041151850
356,356.0,2016-09-21,6.450000000000000,22.537500000000000,0.2,12.2,1.0582733235829500,0.33879921485032300
357,357.0,2016-09-22,3.44,22.300000000000000,0.0,12.15,1.104302307371170,0.3297746420583180
358,358.0,2016-09-23,5.13,22.97083333333330,0.0,12.116666666666700,1.1601065191404600,0.3231573064880690
359,359.0,2016-09-24,3.6200000000000000,22.112500000000000,0.1,12.066666666666700,1.2228438024452300,0.3190821288884740
360,360.0,2016-09-25,17.41,22.804166666666700,6.9,12.05,1.2896720008399400,0.3176840300084310
361,361.0,2016-09-26,11.29,25.2,6.6,12.016666666666700,1.357748957879020,0.31909793059683500
362,362.0,2016-09-27,13.83,25.95,6.0,11.966666666666700,1.4242325171168900,0.3234587514025870
363,363.0,2016-09-28,4.4000000000000000,25.425000000000000,0.2,11.933333333333300,1.4862805221080000,0.3309014131745820
364,364.0,2016-09-29,8.750000000000000,24.64166666666670,0.7,11.9,1.5410508164067900,0.3415608366617190
365,365.0,2016-09-30,10.49,21.637500000000000,0.9,11.866666666666700,1.5863128491112800,0.35539510465966600
366,366.0,2016-10-01,8.73,23.741666666666700,0.9,11.833333333333300,1.6222824914938600,0.371654948151174
367,367.0,2016-10-02,10.300000000000000,25.087500000000000,2.1,11.783333333333300,1.6497872203705200,0.3894142601657630
368,368.0,2016-10-03,4.240000000000000,24.129166666666700,0.0,11.766666666666700,1.669654512557250,0.4077469337329550
369,369.0,2016-10-04,11.270000000000000,23.541666666666700,2.5,11.716666666666700,1.682711844870030,0.4257268618822710
370,370.0,2016-10-05,6.670000000000000,23.08333333333330,1.9,11.683333333333300,1.6897866941248300,0.4424279376432310
371,371.0,2016-10-06,19.62,23.75,10.9,11.65,1.6917065371376600,0.45692405404535800
372,372.0,2016-10-07,13.650000000000000,21.59166666666670,6.5,11.6,1.6892988507244800,0.46828910411817200
373,373.0,2016-10-08,6.320000000000000,23.40833333333330,3.3,11.583333333333300,1.6833302421045900,0.4758097445003410
374,374.0,2016-10-09,6.9,21.762500000000000,0.6,11.55,1.6743238401104200,0.4796236862671160
375,375.0,2016-10-10,14.790000000000000,19.025,4.5,11.5,1.6627419039777100,0.4800814041028960
376,376.0,2016-10-11,8.840000000000000,19.787500000000000,4.4,11.466666666666700,1.6490466929422000,0.47753337269208100
377,377.0,2016-10-12,15.170000000000000,19.6625,6.7,11.433333333333300,1.633700466239620,0.47233006671906800
378,378.0,2016-10-13,13.440000000000000,17.429166666666700,2.1,11.4,1.6171654831057200,0.464821960868256
379,379.0,2016-10-14,10.780000000000000,17.275,2.2,11.366666666666700,1.5999040027762200,0.45535952982404400
380,380.0,2016-10-15,18.300000000000000,17.754166666666700,10.4,11.333333333333300,1.5823782844868700,0.4442932482708290
381,381.0,2016-10-16,15.940000000000000,18.583333333333300,9.1,11.283333333333300,1.5650505874734100,0.43197359089301100
382,382.0,2016-10-17,5.71,19.12083333333330,0.0,11.25,1.5483831709715600,0.4187510323749890
383,383.0,2016-10-18,17.250000000000000,21.9375,9.7,11.216666666666700,1.5328382942170700,0.40497604740116000
384,384.0,2016-10-19,13.35,22.387500000000000,6.0,11.2,1.5188782164456800,0.39099911065592300
385,385.0,2016-10-20,16.68,22.458333333333300,8.5,11.15,1.5069651968931100,0.37717069682367700
386,386.0,2016-10-21,12.09,18.633333333333300,1.3,11.116666666666700,1.4975614947951200,0.3638412805888200
387,387.0,2016-10-22,7.840000000000000,18.575000000000000,1.5,11.083333333333300,1.4911293693874300,0.35136133663575100
388,388.0,2016-10-23,8.42,18.38333333333330,1.1,11.05,1.4881310799057800,0.3400813396488690
389,389.0,2016-10-24,17.640000000000000,17.125,9.6,11.016666666666700,1.48902888558591,0.33035176431257100
390,390.0,2016-10-25,2.3000000000000000,14.354166666666700,0.0,10.983333333333300,1.4942850456635600,0.3225230853112570
391,391.0,2016-10-26,13.47,18.887500000000000,6.1,10.95,1.504361819374460,0.31694577732932500
392,392.0,2016-10-27,17.25,19.566666666666700,10.2,10.916666666666700,1.519721465954350,0.31397031505117300
393,393.0,2016-10-28,1.55,15.44166666666670,0.0,10.883333333333300,1.5406168743922100,0.31382105181041000
394,394.0,2016-10-29,16.3,18.104166666666700,10.2,10.85,1.5664634526899800,0.31621785553747600
395,395.0,2016-10-30,14.660000000000000,15.18333333333330,6.0,10.816666666666700,1.596467238602850,0.32075447281202500
396,396.0,2016-10-31,9.720000000000000,14.1,2.9,10.783333333333300,1.6298342698859900,0.32702465021370600
397,397.0,2016-11-01,8.45,15.291666666666700,5.5,10.75,1.665770584294600,0.33462213432217200
398,398.0,2016-11-02,8.58,12.54166666666670,0.1,10.716666666666700,1.7034822195838500,0.3431406717170740
399,399.0,2016-11-03,15.310000000000000,13.916666666666700,9.6,10.683333333333300,1.7421752135089300,0.3521740089780630
400,400.0,2016-11-04,15.230000000000000,12.883333333333300,10.1,10.666666666666700,1.7810556038250300,0.3613158926847900
401,401.0,2016-11-05,15.5,13.258333333333300,10.1,10.633333333333300,1.8193294282873300,0.37016006941690700
402,402.0,2016-11-06,14.440000000000000,13.970833333333300,9.8,10.6,1.8562027246510100,0.37830028575406500
403,403.0,2016-11-07,14.02,13.408333333333300,8.8,10.566666666666700,1.8908815306712500,0.38533028827591600
404,404.0,2016-11-08,4.250000000000000,13.925,0.3,10.533333333333300,1.922571884103250,0.39084382356211000
405,405.0,2016-11-09,14.96,11.404166666666700,9.9,10.5,1.9506715813493100,0.3945372593910680
406,406.0,2016-11-10,5.960000000000000,7.937500000000000,0.3,10.466666666666700,1.9753454534003000,0.39651744833627600
407,407.0,2016-11-11,13.72,13.145833333333300,8.0,10.45,1.9969500898942300,0.3969938641699920
408,408.0,2016-11-12,14.56,13.820833333333300,9.7,10.416666666666700,2.0158420804690800,0.3961759806644710
409,409.0,2016-11-13,12.9,14.487500000000000,8.0,10.383333333333300,2.0323780147628500,0.3942732715919700
410,410.0,2016-11-14,2.0800000000000000,13.854166666666700,0.0,10.366666666666700,2.04691448241355,0.39149521072474500
411,411.0,2016-11-15,8.380000000000000,15.7375,3.5,10.333333333333300,2.0598080730591700,0.3880512718350530
412,412.0,2016-11-16,14.38,12.391666666666700,9.9,10.316666666666700,2.0714153763377000,0.38415092869514800
413,413.0,2016-11-17,9.7,12.025000000000000,9.2,10.3,2.082092981887160,0.38000365507728800
414,414.0,2016-11-18,10.44,11.983333333333300,4.9,10.266666666666700,2.0921974793455200,0.375818924753728
415,415.0,2016-11-19,1.78,14.333333333333300,0.0,10.25,2.102085458350800,0.3718062114967250
416,416.0,2016-11-20,9.52,16.19166666666670,5.5,10.216666666666700,2.1121135085409800,0.3681749890785350
417,417.0,2016-11-21,2.85,14.925000000000000,0.0,10.2,2.122638219554080,0.3651347312714130
418,418.0,2016-11-22,12.28,16.200000000000000,7.6,10.166666666666700,2.1340161810280800,0.3628949118476170
419,419.0,2016-11-23,12.030000000000000,13.104166666666700,4.6,10.15,2.146510110886980,0.36161581593635300
420,420.0,2016-11-24,6.6100000000000000,9.075000000000000,2.0,10.133333333333300,2.1600072401987600,0.3612609740946350
421,421.0,2016-11-25,10.410000000000000,9.112500000000000,7.6,10.1,2.1743009283174200,0.3617447282364260
422,422.0,2016-11-26,12.360000000000000,9.64166666666667,8.2,10.083333333333300,2.1891845345969200,0.3629814202756900
423,423.0,2016-11-27,2.0600000000000000,11.504166666666700,0.0,10.066666666666700,2.2044514183912700,0.3648853921263930
424,424.0,2016-11-28,9.46,10.941666666666700,5.3,10.033333333333300,2.219894939054430,0.36737098570249600
425,425.0,2016-11-29,12.570000000000000,8.516666666666670,9.2,10.016666666666700,2.235308455940400,0.3703525429179660
426,426.0,2016-11-30,4.74,7.654166666666670,0.9,10.0,2.250485328403150,0.3737444056867660
427,427.0,2016-12-01,4.6000000000000000,10.587500000000000,0.4,9.983333333333330,2.265218915796680,0.3774609159228590
428,428.0,2016-12-02,12.58,10.79583333333330,9.4,9.966666666666670,2.279302577474960,0.3814164155402110
429,429.0,2016-12-03,12.770000000000000,9.066666666666670,9.4,9.966666666666670,2.2925296727919700,0.3855252464527850
430,430.0,2016-12-04,7.91,10.341666666666700,5.9,9.95,2.3046935611017000,0.3897017505745450
431,431.0,2016-12-05,10.86,13.308333333333300,6.9,9.933333333333330,2.3155876017581400,0.393860269819455
432,432.0,2016-12-06,8.870000000000000,10.820833333333300,5.3,9.916666666666670,2.3250051541152700,0.39791514610148000
433,433.0,2016-12-07,12.410000000000000,7.020833333333330,9.4,9.9,2.332775904124820,0.4017976940686490
434,434.0,2016-12-08,11.590000000000000,7.5625,9.2,9.883333333333330,2.3388748441295200,0.4055071193052570
435,435.0,2016-12-09,9.340000000000000,8.1125,6.7,9.883333333333330,2.343313293069880,0.40905960012966300
436,436.0,2016-12-10,12.31,8.600000000000000,9.0,9.866666666666670,2.3461025698863800,0.4124713148602280
437,437.0,2016-12-11,11.68,5.808333333333330,9.2,9.85,2.3472539935195100,0.4157584418153120
438,438.0,2016-12-12,8.220000000000000,4.7875000000000000,4.7,9.833333333333330,2.3467788829097700,0.4189371593132730
439,439.0,2016-12-13,1.86,6.179166666666670,0.0,9.85,2.3446885569976300,0.42202364567247400
440,440.0,2016-12-14,10.75,8.516666666666670,8.3,9.833333333333330,2.340994334723600,0.42503407921127200
441,441.0,2016-12-15,12.5,5.4000000000000000,9.1,9.816666666666670,2.3357075350281600,0.42798463824802900
442,442.0,2016-12-16,12.070000000000000,4.908333333333330,8.3,9.833333333333330,2.328839476851800,0.430891501101105
443,443.0,2016-12-17,8.190000000000000,5.154166666666670,6.3,9.816666666666670,2.320401479135010,0.433770846088859
444,444.0,2016-12-18,11.51,6.4125,8.8,9.816666666666670,2.3104048608182800,0.4366388515296510
445,445.0,2016-12-19,11.460000000000000,8.333333333333330,8.5,9.816666666666670,2.2988609408421100,0.43951169574184200
446,446.0,2016-12-20,4.160000000000000,7.887500000000000,0.2,9.8,2.285781038146980,0.44240555704379100
447,447.0,2016-12-21,10.980000000000000,8.212500000000000,8.1,9.816666666666670,2.271231348986460,0.4453356043505240
448,448.0,2016-12-22,1.6600000000000000,10.695833333333300,0.0,9.8,2.255497578866370,0.44831296896372500
449,449.0,2016-12-23,6.6500000000000000,12.358333333333300,1.7,9.816666666666670,2.2389203106056300,0.4513477727817450
450,450.0,2016-12-24,11.0,7.945833333333330,8.3,9.8,2.2218401270231400,0.45445013770293500
451,451.0,2016-12-25,11.070000000000000,7.533333333333330,8.9,9.816666666666670,2.2045976109378000,0.45763018562564500
452,452.0,2016-12-26,5.01,6.766666666666670,2.5,9.833333333333330,2.1875333451685300,0.4608980384482250
453,453.0,2016-12-27,4.63,9.683333333333340,1.2,9.816666666666670,2.1709879125342400,0.4642638180690260
454,454.0,2016-12-28,12.210000000000000,6.070833333333330,9.3,9.833333333333330,2.1553018958538100,0.4677376463863980
455,455.0,2016-12-29,10.840000000000000,5.220833333333330,6.5,9.85,2.140815877946170,0.4713296452986910
456,456.0,2016-12-30,12.67,5.425,9.3,9.833333333333330,2.1278704416302200,0.4750499367042560
457,457.0,2016-12-31,11.530000000000000,5.141666666666670,9.3,9.85,2.116806169724860,0.47890864250144400
458,458.0,2017-01-01,11.81,6.466666666666670,9.1,9.866666666666670,2.107963645049010,0.4829158845886040
459,459.0,2017-01-02,11.830000000000000,6.554166666666670,8.8,9.883333333333330,2.101683450421560,0.4870817848640870
460,460.0,2017-01-03,6.21,7.783333333333330,2.7,9.883333333333330,2.0983061686614200,0.49141646522624300
461,461.0,2017-01-04,7.97,5.85,4.2,9.883333333333330,2.0981723825875000,0.49593004757342300
462,462.0,2017-01-05,10.61,5.329166666666670,9.2,9.9,2.1016226750187100,0.5006326538039770
463,463.0,2017-01-06,10.52,4.483333333333330,3.0,9.916666666666670,2.108997628773950,0.5055344058162560
464,464.0,2017-01-07,12.310000000000000,4.391666666666670,8.2,9.933333333333330,2.120489952109960,0.5106161559810000
465,465.0,2017-01-08,1.3,3.8500000000000000,0.0,9.933333333333330,2.1357008550348000,0.5157416785585110
466,466.0,2017-01-09,10.140000000000000,6.7125000000000000,6.4,9.95,2.1540836729943900,0.52074547828148
467,467.0,2017-01-10,8.99,7.070833333333330,6.9,9.966666666666670,2.1750917414346200,0.5254620598825990
468,468.0,2017-01-11,7.970000000000000,6.258333333333330,2.3,10.0,2.1981783958013900,0.5297259280945590
469,469.0,2017-01-12,6.3,4.808333333333330,1.5,10.016666666666700,2.222796971540600,0.5333715876500530
470,470.0,2017-01-13,7.48,4.666666666666670,4.8,10.033333333333300,2.2484008040981600,0.5362335432817720
471,471.0,2017-01-14,3.85,2.4416666666666700,0.4,10.05,2.274443228919960,0.5381462997224080
472,472.0,2017-01-15,10.750000000000000,1.3666666666666700,5.6,10.066666666666700,2.3003775814519100,0.5389443617046520
473,473.0,2017-01-16,11.890000000000000,2.879166666666670,4.7,10.1,2.3256571971399000,0.5384622339611960
474,474.0,2017-01-17,11.830000000000000,4.133333333333330,6.3,10.116666666666700,2.3497354114298400,0.5365344212247320
475,475.0,2017-01-18,13.280000000000000,4.7375,9.2,10.133333333333300,2.37206555976763,0.5329954282279520
476,476.0,2017-01-19,11.61,5.870833333333330,4.5,10.166666666666700,2.3921009775991700,0.5276797597035460
477,477.0,2017-01-20,7.820000000000000,4.729166666666670,2.8,10.183333333333300,2.40929500037036,0.5204219203842080
478,478.0,2017-01-21,13.810000000000000,5.304166666666670,9.2,10.2,2.4231009635271000,0.5110564150026270
479,479.0,2017-01-22,10.140000000000000,4.466666666666670,3.5,10.233333333333300,2.4331136064568000,0.4995137033232980
480,480.0,2017-01-23,11.570000000000000,3.6916666666666700,4.5,10.25,2.439493284312850,0.4861080652379150
481,481.0,2017-01-24,9.990000000000000,2.4541666666666700,6.8,10.283333333333300,2.442541756190170,0.471249735669976
482,482.0,2017-01-25,14.68,2.983333333333330,9.7,10.3,2.442560781183670,0.45534894954297600
483,483.0,2017-01-26,15.000000000000000,4.108333333333330,9.9,10.333333333333300,2.439852118388240,0.43881594178041200
484,484.0,2017-01-27,8.610000000000000,5.020833333333330,4.0,10.35,2.434717526898800,0.42206094730578100
485,485.0,2017-01-28,14.920000000000000,6.833333333333340,9.6,10.383333333333300,2.4274587658102500,0.40549420104257800
486,486.0,2017-01-29,9.9,6.3583333333333300,5.9,10.416666666666700,2.4183775942174900,0.3895259379143010
487,487.0,2017-01-30,5.790000000000000,8.033333333333330,3.3,10.433333333333300,2.4077757712154500,0.37456639284444600
488,488.0,2017-01-31,15.53,5.5,9.9,10.466666666666700,2.3959550558990100,0.36102580075650900
489,489.0,2017-02-01,9.13,4.4125,5.9,10.5,2.3832172073630900,0.34931439657398700
490,490.0,2017-02-02,13.05,5.220833333333330,7.6,10.533333333333300,2.3698639847026000,0.33984241522037600
491,491.0,2017-02-03,15.84,6.0375000000000000,10.2,10.55,2.356197147012440,0.33302009161917300
492,492.0,2017-02-04,16.02,6.695833333333330,10.2,10.583333333333300,2.3425608849101000,0.3291510332620720
493,493.0,2017-02-05,1.4,4.808333333333330,0.0,10.616666666666700,2.329469115103430,0.32811233791355700
494,494.0,2017-02-06,13.28,6.254166666666670,4.2,10.65,2.31747818582284,0.3296744759063100
495,495.0,2017-02-07,15.120000000000000,4.416666666666670,8.3,10.683333333333300,2.3071444452987700,0.3336079175730150
496,496.0,2017-02-08,15.0,4.350000000000000,8.0,10.716666666666700,2.299024241761640,0.3396831332463520
497,497.0,2017-02-09,3.09,4.4541666666666700,0.0,10.75,2.2936739234418900,0.3476705932590050
498,498.0,2017-02-10,14.830000000000000,4.629166666666670,7.9,10.783333333333300,2.2916498385699200,0.35734076794365600
499,499.0,2017-02-11,7.58,3.166666666666670,2.1,10.8,2.2935083353761700,0.3684641276329860
500,500.0,2017-02-12,16.53,4.325000000000000,9.1,10.833333333333300,2.299805762091070,0.3808111426596780
501,501.0,2017-02-13,16.57,4.5875,9.6,10.866666666666700,2.3110984669450500,0.3941522833564150
502,502.0,2017-02-14,12.1,4.2375,7.1,10.916666666666700,2.327942798168520,0.4082580200558770
503,503.0,2017-02-15,16.400000000000000,5.520833333333330,10.4,10.95,2.350895103991910,0.4228988230907490
504,504.0,2017-02-16,17.15,6.875,9.9,10.983333333333300,2.3803449875823600,0.43785593413512100
505,505.0,2017-02-17,3.38,7.145833333333330,0.0,11.016666666666700,2.4160150718538200,0.45295368022872800
506,506.0,2017-02-18,11.26,8.65,7.4,11.05,2.457461234656970,0.46802715975271100
507,507.0,2017-02-19,18.300000000000000,7.220833333333330,10.6,11.083333333333300,2.504239353842450,0.4829114710882140
508,508.0,2017-02-20,4.2700000000000000,6.920833333333330,1.0,11.116666666666700,2.5559053072609500,0.49744171261638000
509,509.0,2017-02-21,18.260000000000000,5.495833333333330,9.7,11.15,2.6120149727631200,0.5114529827183510
510,510.0,2017-02-22,14.01,5.3125,5.5,11.183333333333300,2.672124228199630,0.5247803797752720
511,511.0,2017-02-23,5.73,9.991666666666670,0.3,11.216666666666700,2.7357889514211400,0.5372590021682840
512,512.0,2017-02-24,19.050000000000000,7.191666666666670,10.5,11.25,2.802565020278310,0.5487239482785310
513,513.0,2017-02-25,18.2,6.6,10.3,11.283333333333300,2.8720083126218200,0.559010316487156
514,514.0,2017-02-26,17.26,6.8916666666666700,8.1,11.316666666666700,2.9436747063023200,0.5679532051753020
515,515.0,2017-02-27,20.120000000000000,8.175,10.5,11.35,3.0171200791704900,0.5753877127241110
516,516.0,2017-02-28,18.74,8.941666666666670,7.0,11.4,3.0919003090769800,0.5811489375147280
517,517.0,2017-03-01,12.020000000000000,7.012500000000000,4.5,11.433333333333300,3.167571273872460,0.5850719779282940
518,518.0,2017-03-02,4.860000000000000,7.991666666666670,0.2,11.466666666666700,3.2436888514076000,0.5869919323459520
519,519.0,2017-03-03,20.330000000000000,8.595833333333330,10.9,11.516666666666700,3.3198089195330500,0.5867438991488470
520,520.0,2017-03-04,18.490000000000000,8.658333333333340,9.6,11.55,3.395400607356820,0.5842439621452330
521,521.0,2017-03-05,15.900000000000000,8.787500000000000,6.8,11.566666666666700,3.4695860490162200,0.5797321468518140
522,522.0,2017-03-06,4.55,9.366666666666670,0.0,11.6,3.541400629905890,0.5735294642124100
523,523.0,2017-03-07,14.250000000000000,7.262500000000000,5.6,11.65,3.609879735420480,0.5659569251708360
524,524.0,2017-03-08,19.87,5.708333333333330,5.6,11.683333333333300,3.67405875095463,0.5573355406709110
525,525.0,2017-03-09,16.96,6.383333333333330,7.7,11.716666666666700,3.732973061902990,0.5479863216564520
526,526.0,2017-03-10,14.09,6.487500000000000,4.7,11.766666666666700,3.785658053660190,0.5382302790712770
527,527.0,2017-03-11,21.94,7.7125000000000000,11.3,11.783333333333300,3.8311491116208900,0.5283884238592020
528,528.0,2017-03-12,19.780000000000000,8.358333333333330,8.4,11.833333333333300,3.8684816211797400,0.5187817669640450
529,529.0,2017-03-13,11.540000000000000,9.604166666666670,3.2,11.866666666666700,3.896690967731360,0.5097313193296250
530,530.0,2017-03-14,16.760000000000000,10.745833333333300,6.6,11.9,3.9148125366704100,0.5015580918997570
531,531.0,2017-03-15,19.710000000000000,8.479166666666670,8.5,11.95,3.92188171339154,0.4945830956182600
532,532.0,2017-03-16,22.61,9.112500000000000,11.3,11.983333333333300,3.9169338832893800,0.4891273414289510
533,533.0,2017-03-17,22.76,9.341666666666670,11.4,12.0,3.8990044317585900,0.4855118402756470
534,534.0,2017-03-18,16.34,8.579166666666670,7.1,12.05,3.867739017779150,0.4839899796604130
535,535.0,2017-03-19,20.170000000000000,10.262500000000000,10.6,12.083333333333300,3.8252243946725000,0.4845446533182960
536,536.0,2017-03-20,19.91,10.966666666666700,8.8,12.133333333333300,3.7741575893454000,0.48709113154259000
537,537.0,2017-03-21,3.75,10.200000000000000,0.0,12.166666666666700,3.717235628704640,0.4915446846265910
538,538.0,2017-03-22,22.95,8.933333333333340,11.2,12.183333333333300,3.6571555396569800,0.4978205828635910
539,539.0,2017-03-23,15.290000000000000,9.554166666666670,5.3,12.233333333333300,3.5966143491092000,0.505834096546887
540,540.0,2017-03-24,23.320000000000000,9.804166666666670,10.7,12.266666666666700,3.53830908396808,0.5155004959697720
541,541.0,2017-03-25,14.770000000000000,7.991666666666670,3.3,12.316666666666700,3.4849367711403900,0.52673505142554
542,542.0,2017-03-26,4.61,8.4375,0.0,12.35,3.4391944375329100,0.5394530332074860
543,543.0,2017-03-27,24.020000000000000,9.920833333333330,9.5,12.366666666666700,3.4037791100524100,0.5535697116089040
544,544.0,2017-03-28,23.61,9.541666666666660,9.1,12.416666666666700,3.381387815605670,0.5690003569230890
545,545.0,2017-03-29,21.350000000000000,11.29583333333330,9.5,12.45,3.374717581099460,0.5856602394433350
546,546.0,2017-03-30,18.250000000000000,12.616666666666700,8.3,12.5,3.3864654334405600,0.6034646294629360
547,547.0,2017-03-31,3.35,9.375000000000000,0.0,12.533333333333300,3.419328399535750,0.6223287972751870
548,548.0,2017-04-01,7.59,8.0875,0.0,12.55,3.4760035062917900,0.6421680131733810
549,549.0,2017-04-02,25.1,10.720833333333300,9.1,12.6,3.5591877806154600,0.662897547450814
550,550.0,2017-04-03,24.48,11.129166666666700,10.8,12.633333333333300,3.6715782494135500,0.6844326704007800
551,551.0,2017-04-04,25.030000000000000,13.166666666666700,11.9,12.683333333333300,3.815871939592820,0.7066886523165730
552,552.0,2017-04-05,17.920000000000000,13.416666666666700,6.7,12.716666666666700,3.994765878060040,0.7295807634914870
553,553.0,2017-04-06,9.290000000000000,14.491666666666700,1.5,12.733333333333300,4.210957091722010,0.7530242742188170
554,554.0,2017-04-07,6.680000000000000,16.612500000000000,0.1,12.783333333333300,4.465777955120510,0.7769217003882050
555,555.0,2017-04-08,3.7900000000000000,17.875,0.0,12.816666666666700,4.755102233337520,0.8011245402746770
556,556.0,2017-04-09,11.080000000000000,17.687500000000000,3.3,12.85,5.07343903909001,0.8254715377496090
557,557.0,2017-04-10,6.73,12.787500000000000,0.1,12.9,5.415297485094980,0.8498014366843770
558,558.0,2017-04-11,3.3200000000000000,10.941666666666700,0.0,12.916666666666700,5.775186684069410,0.8739529809503550
559,559.0,2017-04-12,23.980000000000000,13.895833333333300,8.7,12.95,6.147615748730300,0.897764914418919
560,560.0,2017-04-13,25.950000000000000,12.891666666666700,11.4,13.0,6.527093791794630,0.9210759809614430
561,561.0,2017-04-14,24.43,14.704166666666700,11.7,13.033333333333300,6.908129925979400,0.9437249244493020
562,562.0,2017-04-15,12.59,16.120833333333300,7.1,13.066666666666700,7.285233264001590,0.965550488753872
563,563.0,2017-04-16,22.96,18.4625,11.7,13.083333333333300,7.652912918578180,0.9863914177465270
564,564.0,2017-04-17,7.160000000000000,16.037500000000000,2.0,13.133333333333300,8.005678002426180,1.006086455298640
565,565.0,2017-04-18,22.91,18.775000000000000,6.7,13.166666666666700,8.338037628262560,1.024474345281590
566,566.0,2017-04-19,20.48,16.0875,7.0,13.2,8.644500908804320,1.0413938315667600
567,567.0,2017-04-20,17.8,13.475,5.6,13.25,8.91957695676845,1.0566836580255000
568,568.0,2017-04-21,9.150000000000000,14.64166666666670,0.6,13.266666666666700,9.157774884871930,1.0701825685292100
569,569.0,2017-04-22,23.220000000000000,16.212500000000000,9.1,13.3,9.355013495453170,1.081775504141580
570,570.0,2017-04-23,28.54,15.100000000000000,12.3,13.333333333333300,9.512850349336230,1.0915321946956000
571,571.0,2017-04-24,20.910000000000000,16.47083333333330,6.7,13.366666666666700,9.63425269696658,1.0995685672166000
572,572.0,2017-04-25,21.930000000000000,17.620833333333300,8.8,13.4,9.722187788789700,1.1060005487298800
573,573.0,2017-04-26,4.72,15.583333333333300,0.0,13.433333333333300,9.77962287525105,1.1109440662607800
574,574.0,2017-04-27,19.03,16.2875,6.4,13.466666666666700,9.809525206796120,1.1145150468346100
575,575.0,2017-04-28,28.100000000000000,15.308333333333300,12.5,13.5,9.814862033870370,1.1168294174766800
576,576.0,2017-04-29,17.720000000000000,15.383333333333300,9.9,13.533333333333300,9.798600606919280,1.1180031052123300
577,577.0,2017-04-30,26.820000000000000,16.90416666666670,12.4,13.566666666666700,9.763708176388330,1.1181520370668500
578,578.0,2017-05-01,15.15,17.5375,9.1,13.6,9.71315199272298,1.1173921400655900
579,579.0,2017-05-02,27.480000000000000,16.458333333333300,11.9,13.616666666666700,9.649899306368720,1.1158393412338400
580,580.0,2017-05-03,19.700000000000000,16.875,7.2,13.65,9.576917367771000,1.113609567596940
581,581.0,2017-05-04,23.020000000000000,18.004166666666700,3.7,13.683333333333300,9.497173427375320,1.1108187461802000
582,582.0,2017-05-05,27.480000000000000,20.450000000000000,12.8,13.716666666666700,9.413634735627140,1.1075828040089300
583,583.0,2017-05-06,9.720000000000000,20.27916666666670,1.3,13.75,9.329268542971930,1.1040176681084700
584,584.0,2017-05-07,23.650000000000000,19.55,7.2,13.766666666666700,9.247042099855180,1.1002392655041200
585,585.0,2017-05-08,28.29,19.3625,12.1,13.8,9.16992265672234,1.0963635232212100
586,586.0,2017-05-09,10.650000000000000,17.583333333333300,0.2,13.833333333333300,9.100877464018900,1.0925063682850500
587,587.0,2017-05-10,6.140000000000000,17.0125,0.0,13.866666666666700,9.042073284498890,1.0887518111303900
588,588.0,2017-05-11,20.130000000000000,21.283333333333300,9.4,13.9,8.992474930150560,1.0850561958296600
589,589.0,2017-05-12,19.880000000000000,21.9625,5.5,13.916666666666700,8.950246725270700,1.0813439498647200
590,590.0,2017-05-13,3.1400000000000000,18.375000000000000,0.0,13.933333333333300,8.913552994156130,1.077539500717430
591,591.0,2017-05-14,22.270000000000000,20.39166666666670,7.6,13.966666666666700,8.880558061103650,1.0735672758696400
592,592.0,2017-05-15,16.45,22.283333333333300,5.0,14.0,8.849426250410070,1.0693517028032100
593,593.0,2017-05-16,16.970000000000000,19.116666666666700,4.9,14.033333333333300,8.818321886372200,1.0648172090000100
594,594.0,2017-05-17,16.880000000000000,18.254166666666700,3.8,14.033333333333300,8.785409293286830,1.0598882219418800
595,595.0,2017-05-18,29.16,20.787500000000000,12.1,14.066666666666700,8.74885279545077,1.0544891691106800
596,596.0,2017-05-19,29.42,21.929166666666700,13.3,14.1,8.706816717160840,1.048544477988280
597,597.0,2017-05-20,28.390000000000000,22.720833333333300,13.3,14.116666666666700,8.657465382713820,1.041978576056540
598,598.0,2017-05-21,24.850000000000000,23.570833333333300,11.5,14.133333333333300,8.598963116406540,1.0347158907973000
599,599.0,2017-05-22,27.660000000000000,23.787500000000000,12.3,14.166666666666700,8.529474242535790,1.026680849692430
600,600.0,2017-05-23,28.520000000000000,23.208333333333300,12.2,14.183333333333300,8.447163085398390,1.0177978802237800
601,601.0,2017-05-24,9.280000000000000,21.495833333333300,0.4,14.2,8.350632164007990,1.0080229863163600
602,602.0,2017-05-25,6.380000000000000,20.42083333333330,0.1,14.216666666666700,8.240236776245700,0.9974384776677450
603,603.0,2017-05-26,6.550000000000000,19.833333333333300,0.3,14.25,8.116770414709490,0.9861582404186540
604,604.0,2017-05-27,27.99,20.84583333333330,12.6,14.266666666666700,7.9810265719973300,0.9742961607098080
605,605.0,2017-05-28,30.8,21.76666666666670,13.4,14.283333333333300,7.833798740707180,0.9619661246819300
606,606.0,2017-05-29,27.330000000000000,22.200000000000000,12.7,14.3,7.675880413437010,0.9492820184757390
607,607.0,2017-05-30,25.590000000000000,23.579166666666700,9.4,14.333333333333300,7.508065082784780,0.9363577282319580
608,608.0,2017-05-31,16.460000000000000,23.71666666666670,4.0,14.333333333333300,7.331146241348470,0.9233071400913050
609,609.0,2017-06-01,21.25,23.895833333333300,4.8,14.35,7.145917381726040,0.9102441401945040
610,610.0,2017-06-02,23.950000000000000,22.037500000000000,9.6,14.366666666666700,6.953171996515450,0.8972826146822750
611,611.0,2017-06-03,27.85,20.42083333333330,13.5,14.383333333333300,6.753703578314670,0.8845364496953380
612,612.0,2017-06-04,30.74,21.4875,13.4,14.4,6.5483056197216800,0.8721195313744150
613,613.0,2017-06-05,30.910000000000000,22.020833333333300,13.7,14.4,6.337771613334430,0.8601457458602260
614,614.0,2017-06-06,21.91,21.525000000000000,9.4,14.433333333333300,6.122895051750890,0.8487289792934930
615,615.0,2017-06-07,5.18,19.820833333333300,0.1,14.433333333333300,5.904469427569030,0.8379831178149370
616,616.0,2017-06-08,9.970000000000000,19.454166666666700,1.9,14.45,5.68358047514701,0.8279949853079060
617,617.0,2017-06-09,29.060000000000000,22.641666666666700,9.7,14.45,5.462482895883760,0.8187431566262620
618,618.0,2017-06-10,23.3,23.895833333333300,11.8,14.466666666666700,5.243723632938390,0.8101791443664950
619,619.0,2017-06-11,19.420000000000000,22.40416666666670,6.1,14.466666666666700,5.029849629470040,0.8022544611250910
620,620.0,2017-06-12,29.160000000000000,21.9,12.4,14.483333333333300,4.82340782863782,0.7949206194985420
621,621.0,2017-06-13,30.840000000000000,22.112500000000000,12.3,14.483333333333300,4.6269451736008600,0.788129132083335
622,622.0,2017-06-14,31.17,22.725000000000000,13.8,14.483333333333300,4.443008607518270,0.7818315114759600
623,623.0,2017-06-15,29.930000000000000,22.95,13.5,14.5,4.274145073549180,0.7759792702729070
624,624.0,2017-06-16,29.280000000000000,23.61666666666670,13.5,14.5,4.122901514852710,0.770523921070663
625,625.0,2017-06-17,25.990000000000000,22.641666666666700,9.4,14.5,3.9918248745879900,0.7654169764657180
626,626.0,2017-06-18,7.750000000000000,21.191666666666700,0.0,14.516666666666700,3.8834620959141300,0.760609949054562
627,627.0,2017-06-19,30.030000000000000,23.84583333333330,13.6,14.516666666666700,3.80036012199026,0.7560543514336830
628,628.0,2017-06-20,21.32,23.950000000000000,7.4,14.5,3.7450658959755000,0.7517016961995700
629,629.0,2017-06-21,6.670000000000000,21.650000000000000,0.1,14.5,3.720126361028960,0.7475034959487120
630,630.0,2017-06-22,18.500000000000000,22.570833333333300,2.4,14.516666666666700,3.7280884603097900,0.7434112632775990
631,631.0,2017-06-23,27.510000000000000,24.6625,12.7,14.516666666666700,3.77149913697708,0.7393765107827190
632,632.0,2017-06-24,20.010000000000000,24.945833333333300,6.9,14.516666666666700,3.8517234523569300,0.7353695711328070
633,633.0,2017-06-25,5.260000000000000,23.075,0.1,14.5,3.9653989404432500,0.7314360572855820
634,634.0,2017-06-26,22.3,24.1,3.3,14.5,4.107981253396900,0.7276404022710090
635,635.0,2017-06-27,16.66,24.154166666666700,0.6,14.5,4.274926043378760,0.7240470391190500
636,636.0,2017-06-28,11.990000000000000,24.154166666666700,1.6,14.483333333333300,4.461688962549700,0.720720400859672
637,637.0,2017-06-29,14.48,24.741666666666700,1.2,14.483333333333300,4.663725663070600,0.717724920522838
638,638.0,2017-06-30,6.5200000000000000,23.5,1.0,14.466666666666700,4.876491797102310,0.7151250311385130
639,639.0,2017-07-01,14.680000000000000,26.870833333333300,4.3,14.466666666666700,5.0954430168057100,0.7129851657366600
640,640.0,2017-07-02,19.030000000000000,28.433333333333300,5.3,14.466666666666700,5.316034974341670,0.7113697573472460
641,641.0,2017-07-03,19.88,28.758333333333300,10.3,14.45,5.533723321871060,0.7103432390002320
642,642.0,2017-07-04,8.460000000000000,27.462500000000000,1.9,14.45,5.743963711554760,0.7099700437255850
643,643.0,2017-07-05,13.270000000000000,26.2625,1.5,14.433333333333300,5.9422117955536300,0.7103146045532690
644,644.0,2017-07-06,28.41,26.7375,11.9,14.433333333333300,6.123923226028540,0.7114413545132470
645,645.0,2017-07-07,29.620000000000000,27.9875,12.6,14.4,6.2845536551403700,0.7134147266354840
646,646.0,2017-07-08,25.1,28.408333333333300,12.0,14.4,6.420634688913540,0.7162838274520530
647,647.0,2017-07-09,13.670000000000000,27.2625,1.0,14.383333333333300,6.533001748826700,0.7200364575034600
648,648.0,2017-07-10,13.530000000000000,27.983333333333300,7.3,14.366666666666700,6.623566210222080,0.7246450908323150
649,649.0,2017-07-11,20.790000000000000,28.76666666666670,9.9,14.35,6.694239448441880,0.7300822014812340
650,650.0,2017-07-12,17.410000000000000,29.425000000000000,5.9,14.333333333333300,6.7469328388283100,0.7363202634928290
651,651.0,2017-07-13,17.99,29.125,7.0,14.333333333333300,6.783557756723600,0.7433317509097140
652,652.0,2017-07-14,20.69,28.762500000000000,6.2,14.3,6.806025577469950,0.7510891377745010
653,653.0,2017-07-15,24.10000000000000,28.687500000000000,10.6,14.283333333333300,6.816247676409570,0.7595648981298030
654,654.0,2017-07-16,22.21,29.55833333333330,10.0,14.266666666666700,6.816135428884690,0.7687315060182350
655,655.0,2017-07-17,15.610000000000000,28.920833333333300,4.0,14.25,6.8076002102375,0.7785614354824080
656,656.0,2017-07-18,24.920000000000000,30.000000000000000,10.5,14.216666666666700,6.79255339581023,0.7890271605649360
657,657.0,2017-07-19,19.370000000000000,28.745833333333300,9.2,14.216666666666700,6.772906360945080,0.8001011553084330
658,658.0,2017-07-20,22.8,28.708333333333300,12.3,14.183333333333300,6.750570480984280,0.8117558937555110
659,659.0,2017-07-21,21.32,28.670833333333300,9.9,14.166666666666700,6.727457131270030,0.8239638499487830
660,660.0,2017-07-22,20.010000000000000,28.845833333333300,11.1,14.15,6.705198678922340,0.8366741947342440
661,661.0,2017-07-23,7.58,27.670833333333300,1.8,14.116666666666700,6.684311458172340,0.8497428861714050
662,662.0,2017-07-24,12.49,28.783333333333300,5.5,14.1,6.6650327950289700,0.8630025791231600
663,663.0,2017-07-25,5.37,28.41666666666670,0.7,14.083333333333300,6.6476000155011600,0.8762859284524020
664,664.0,2017-07-26,19.590000000000000,29.737500000000000,3.0,14.05,6.63225044559785,0.8894255890220240
665,665.0,2017-07-27,6.800000000000000,26.925000000000000,1.9,14.016666666666700,6.619221411327960,0.9022542156949210
666,666.0,2017-07-28,17.05,28.125000000000000,5.4,14.0,6.608750238700430,0.9146044633339830
667,667.0,2017-07-29,17.610000000000000,29.258333333333300,6.0,13.983333333333300,6.601074253724180,0.9263089868021060
668,668.0,2017-07-30,6.65,27.445833333333300,0.2,13.95,6.596430782408160,0.9372004409621810
669,669.0,2017-07-31,23.440000000000000,29.304166666666700,9.0,13.916666666666700,6.595057150761280,0.9471114806771020
670,670.0,2017-08-01,21.36,30.175,6.2,13.883333333333300,6.597190684792490,0.955874760809763
671,671.0,2017-08-02,15.510000000000000,28.225,1.2,13.866666666666700,6.603068710510710,0.9633229362230560
672,672.0,2017-08-03,14.53,27.875000000000000,5.5,13.85,6.612928553924870,0.9692886617798750
673,673.0,2017-08-04,19.79,29.266666666666700,6.7,13.816666666666700,6.627007541043920,0.9736045923431130
674,674.0,2017-08-05,16.72,29.795833333333300,7.0,13.783333333333300,6.645542997876770,0.9761033827756620
675,675.0,2017-08-06,23.03,29.99166666666670,8.0,13.766666666666700,6.668772250432360,0.9766176879404160
676,676.0,2017-08-07,5.8,27.375000000000000,0.5,13.733333333333300,6.696932624719620,0.9749801627002690
677,677.0,2017-08-08,21.730000000000000,27.1875,6.5,13.7,6.7302614467474900,0.9710234619181130
678,678.0,2017-08-09,26.900000000000000,29.316666666666700,12.4,13.666666666666700,6.76899604252489,0.9645802404568420
679,679.0,2017-08-10,15.85,29.275,5.4,13.65,6.813373738060760,0.9554831531793480
680,680.0,2017-08-11,6.680000000000000,28.85833333333330,3.8,13.616666666666700,6.863699864223960,0.9436795185708940
681,681.0,2017-08-12,20.060000000000000,28.24583333333330,2.5,13.566666666666700,6.920551771323130,0.9295753096062160
682,682.0,2017-08-13,18.66,28.295833333333300,9.8,13.533333333333300,6.984574814526840,0.9136911628824200
683,683.0,2017-08-14,13.360000000000000,27.700000000000000,1.5,13.516666666666700,7.056414349003640,0.8965477149966110
684,684.0,2017-08-15,6.03,26.35,0.0,13.483333333333300,7.136715729922120,0.8786656025458950
685,685.0,2017-08-16,10.140000000000000,26.287500000000000,1.1,13.45,7.226124312450830,0.8605654621273770
686,686.0,2017-08-17,14.96,28.183333333333300,7.6,13.416666666666700,7.325285451758340,0.8427679303381630
687,687.0,2017-08-18,12.08,27.733333333333300,3.7,13.4,7.434844503013230,0.8257936437753580
688,688.0,2017-08-19,23.94,28.925,8.8,13.35,7.5554468213840600,0.8101632390360670
689,689.0,2017-08-20,16.95,29.004166666666700,8.7,13.316666666666700,7.68773776203939,0.7963973527173960
690,690.0,2017-08-21,18.64,29.1125,9.0,13.283333333333300,7.832362680147800,0.7850166214164520
691,691.0,2017-08-22,12.470000000000000,28.137500000000000,2.5,13.266666666666700,7.989966930877850,0.7765416817303370
692,692.0,2017-08-23,16.780000000000000,28.025,6.3,13.216666666666700,8.161195869398120,0.7714931702561600
693,693.0,2017-08-24,24.060000000000000,30.316666666666700,10.8,13.183333333333300,8.346694850877160,0.7703917235910240
694,694.0,2017-08-25,17.98,29.8625,10.1,13.15,8.547109230483540,0.7737579783320350
695,695.0,2017-08-26,13.270000000000000,28.75,5.5,13.116666666666700,8.761653370024830,0.7818689193017380
696,696.0,2017-08-27,22.550000000000000,27.07916666666670,9.7,13.083333333333300,8.983817657864500,0.7940269242244350
697,697.0,2017-08-28,11.410000000000000,27.129166666666700,3.4,13.05,9.205661489005040,0.8092907190498650
698,698.0,2017-08-29,13.750000000000000,28.84166666666670,8.8,13.016666666666700,9.41924425844891,0.8267190297277700
699,699.0,2017-08-30,20.32,29.612500000000000,10.4,12.983333333333300,9.616625361198600,0.8453705822078900
700,700.0,2017-08-31,24.38,28.441666666666700,9.1,12.95,9.78986419225657,0.864304102439965
701,701.0,2017-09-01,25.24,26.450000000000000,11.0,12.9,9.931020146625300,0.8825783163737360
702,702.0,2017-09-02,24.520000000000000,26.40833333333330,11.0,12.883333333333300,10.032152619307300,0.8992519499589440
703,703.0,2017-09-03,22.38,25.17083333333330,9.3,12.85,10.085321005304900,0.9133837291453280
704,704.0,2017-09-04,13.85,24.2125,2.3,12.8,10.082584699620800,0.9240323798826300
705,705.0,2017-09-05,16.930000000000000,24.36666666666670,6.6,12.766666666666700,10.016003097257300,0.9302566281205910
706,706.0,2017-09-06,6.47,24.30833333333330,0.2,12.75,9.877635593216990,0.9311151998089500
707,707.0,2017-09-07,6.6800000000000000,25.620833333333300,2.9,12.7,9.659541582502260,0.9256668208974480
708,708.0,2017-09-08,23.73,26.991666666666700,10.3,12.666666666666700,9.356682720558320,0.9132513429774360
709,709.0,2017-09-09,19.36,26.054166666666700,8.8,12.616666666666700,8.97562970460118,0.8943331202067120
710,710.0,2017-09-10,18.38,25.458333333333300,5.9,12.6,8.525855492289570,0.8696576323846820
711,711.0,2017-09-11,10.210000000000000,24.85,1.6,12.55,8.016833041282230,0.8399703593107530
712,712.0,2017-09-12,5.05,24.479166666666700,0.2,12.516666666666700,7.458035309237860,0.8060167807843330
713,713.0,2017-09-13,20.39,24.787500000000000,9.0,12.5,6.858935253815200,0.7685423766048280
714,714.0,2017-09-14,20.45,23.820833333333300,7.3,12.45,6.2290058326729700,0.7282926265716470
715,715.0,2017-09-15,14.410000000000000,21.99166666666670,1.9,12.416666666666700,5.577720003469890,0.6860130104841950
716,716.0,2017-09-16,1.9000000000000000,20.241666666666700,0.0,12.366666666666700,4.91455072386469,0.6424490081418800
717,717.0,2017-09-17,7.320000000000000,20.800000000000000,0.0,12.35,4.248970951516090,0.5983460993441110
718,718.0,2017-09-18,21.240000000000000,24.683333333333300,10.2,12.3,3.5904536440828200,0.5544497638902920
719,719.0,2017-09-19,18.15,23.241666666666700,9.2,12.266666666666700,2.9484717592236000,0.5115054815798330
720,720.0,2017-09-20,8.5,22.695833333333300,0.1,12.233333333333300,2.3324982545971600,0.47025873221214
721,721.0,2017-09-21,21.89,22.67083333333330,9.4,12.2,1.7520060878622100,0.43145499558662000
722,722.0,2017-09-22,6.25,20.854166666666700,2.3,12.166666666666700,1.2164682166774900,0.39583975150268100
723,723.0,2017-09-23,13.790000000000000,21.729166666666700,2.6,12.116666666666700,0.7353575987017250,0.36415847975972900
724,724.0,2017-09-24,16.17,22.179166666666700,4.5,12.1,0.3181471915936270,0.33715666015717300
725,725.0,2017-09-25,20.36,22.483333333333300,11.5,12.05,-0.0256900469880732,0.3155797724944180
726,726.0,2017-09-26,18.3,23.345833333333300,11.1,12.016666666666700,-0.28668115938465200,0.30017329657087300
727,727.0,2017-09-27,8.920000000000000,23.23333333333330,2.2,11.983333333333300,-0.45535318793738300,0.2916827121859440
728,728.0,2017-09-28,6.74,22.187500000000000,1.7,11.95,-0.5222331749875450,0.2908534991390390
729,729.0,2017-09-29,21.440000000000000,19.733333333333300,11.4,11.916666666666700,-0.4778481628764110,0.2984311372295650
730,730.0,2017-09-30,16.850000000000000,20.454166666666700,6.7,11.866666666666700,-0.3127251939452580,0.31516110625692900
731,731.0,2017-10-01,14.550000000000000,19.2125,5.4,11.833333333333300,-0.01739131053536160,0.3417888860205380
732,732.0,2017-10-02,4.110000000000000,20.550000000000000,0.0,11.8,0.41762644501200300,0.37905995631980000
733,733.0,2017-10-03,12.94,22.2125,3.7,11.766666666666700,1.0018010303555600,0.42771979695412100
734,734.0,2017-10-04,16.3,20.625,6.6,11.733333333333300,1.744605403154030,0.4885138877229100
735,735.0,2017-10-05,15.870000000000000,18.9,1.4,11.683333333333300,2.6555125210661500,0.5621877084255720
736,736.0,2017-10-06,2.9900000000000000,17.395833333333300,0.0,11.65,3.7439953417506300,0.649486738861516
737,737.0,2017-10-07,8.25,19.0,1.3,11.633333333333300,5.0195268228662,0.7511564588301480
738,738.0,2017-10-08,17.19,21.65416666666670,7.2,11.583333333333300,6.491579922071590,0.8679423481308770
739,739.0,2017-10-09,10.140000000000000,22.529166666666700,1.4,11.55,8.169627597025510,1.0005898865631100
740,740.0,2017-10-10,18.14,23.2125,10.7,11.5,10.063142805386700,1.1498445539262500
741,741.0,2017-10-11,17.850000000000000,23.725,10.1,11.466666666666700,12.181598504813900,1.3164518300197100
742,742.0,2017-10-12,10.850000000000000,23.2875,5.0,11.45,14.534467652965800,1.5011571946428900
743,743.0,2017-10-13,2.53,20.804166666666700,0.0,11.416666666666700,17.131223207501100,1.7047061275952100
744,744.0,2017-10-14,5.32,19.208333333333300,0.0,11.366666666666700,19.981338126078600,1.927844108676060
745,745.0,2017-10-15,2.86,18.362500000000000,0.0,11.333333333333300,23.094285366356900,2.171316617684860